Osmosis,OSMO,uosmo
Ion,ION,uion
USD Coin,USDC,ibc/D189335C6E4A68B513C10AB227BF1C1D38C746766278BA3EEB4FB14124F1D858
Wrapped Ether,wETH,ibc/EA1D43981D5C9A1C4AAEA9C23BB1D4FA126BA9BC7020A25E0AE4AA841EA25DC5
Wrapped Bitcoin,WBTC,ibc/D1542AA8762DB13087D8364F3EA6509FD6F009A34F00426AF9E4F9FA85CBBF1F
Tether USD,USDT,ibc/8242AD24008032E457D2E12D46588FD39FB54FB29680C6C7663D296B383C37C4
Dai Stablecoin,DAI,ibc/0CD3A0285E1341859B5E86B6AB7682F023D03E97607CCC1DC95706411D866DF7
Binance USD,BUSD,ibc/6329DD8CF31A334DD5BE3F68C846C9FE313281362B37686A62343BAC1EB1546D
Cosmos Hub Atom,ATOM,ibc/27394FB092D2ECCD56123C74F36E4C1F926001CEADA9CA97EA622B25F41E5EB2
Cronos,CRO,ibc/E6931F78057F7CC5DA0FD6CEF82FF39373A6E0452BF1FD76910B93292CF356C1
Wrapped BNB,wBNB,ibc/F4A070A6D78496D53127EA85C094A9EC87DFC1F36071B8CCDDBD020F933D213D
Wrapped Matic,wMATIC,ibc/AB589511ED0DD5FA56171A39978AFBF1371DB986EC1C3526CE138A16377E39BB
Wrapped AVAX,wAVAX,ibc/6F62F01D913E3FFE472A38C78235B8F021B511BC6596ADFF02615C8F83D3B373
Luna Classic,LUNC,ibc/0EF15DF2F02480ADE0BB6E85D9EBB5DAEA2836D3860E9F97F9AADE4F57A31AA0
Juno,JUNO,ibc/46B44899322F3CD854D2D46DEEF881958467CDD4B3B10086DA49296BBED94BED
Wrapped Polkadot,DOT,ibc/3FF92D26B407FD61AE95D975712A7C319CDE28DE4D80BDC9978D935932B991D7
Evmos,EVMOS,ibc/6AE98883D4D5D5FF9E50D7130F1305DA2FFA0C652D1DD9C123657C6B4EB2DF8A
Kava,KAVA,ibc/57AA1A70A4BC9769C525EBF6386F7A21536E04A79D62E1981EFCEF9428EBB205
Secret Network,SCRT,ibc/0954E1C28EB7AF5B72D24F3BC2B47BBB2FDF91BDDFD57B74B99E133AED40972A
TerraClassicUSD,USTC,ibc/BE1BB42D4BE3C30D50B68D7C41DB4DFCE9678E8EF8C539F6E6A9345048894FCC
Stargaze,STARS,ibc/987C17B11ABC2B20019178ACE62929FE9840202CE79498E29FE8E5CB02B7C0A4
Chihuahua,HUAHUA,ibc/B9E0A1A524E98BB407D3CED8720EFEFD186002F90C1B1B7964811DD0CCC12228
Persistence,XPRT,ibc/A0CC0CF735BFB30E730C70019D4218A1244FF383503FF7579C9201AB93CA9293
pSTAKE Finance,PSTAKE,ibc/8061A06D3BD4D52C4A28FFECF7150D370393AF0BA661C3776C54FF32836C3961
Akash Network,AKT,ibc/1480B8FD20AD5FCAE81EA87584D269547DD4D436843C1D20F15E00EB64743EF4
Regen Network,REGEN,ibc/1DCC8A6CB5689018431323953344A9F6CC4D0BFB261E88C9F7777372C10CD076
Sentinel,DVPN,ibc/9712DBB13B9631EDFA9BF61B55F1B2D290B2ADB67E3A4EB3A875F3B6081B3B84
IRISnet,IRIS,ibc/7C4D60AA95E5A7558B0A364860979CA34B7FF8AAF255B87AF9E879374470CEC0
Starname,IOV,ibc/52B1AA623B34EB78FD767CEA69E8D7FA6C9CFE1FBF49C5406268FD325E2CC2AC
e-Money,NGM,ibc/1DC495FCEFDA068A3820F903EDBD78B942FBD204D7E93D3BA2B432E9669D1A59
e-Money EUR,EEUR,ibc/5973C068568365FFF40DEDCF1A1CB7582B6116B731CD31A12231AE25E20B871F
LikeCoin,LIKE,ibc/9989AD6CCA39D1131523DB0617B50F6442081162294B4795E26746292467B525
IXO,IXO,ibc/F3FF7A84A73B62921538642F9797C423D2B4C4ACB3C7FCFFCE7F12AA69909C4B
BitCanna,BCNA,ibc/D805F1DA50D31B96E4282C1D4181EDDFB1A44A598BFF5666F4B43E4B8BEA95A5
BitSong,BTSG,ibc/4E5444C35610CC76FC94E7F7886B93121175C28262DDFDDE6F84E82BF2425452
Ki,XKI,ibc/B547DC9B897E7C3AA5B824696110B8E3D2C31E3ED3F02FF363DCBAD82457E07E
MediBloc,MED,ibc/3BCCC93AD5DF58D11A6F8A05FA8BC801CBA0BA61A981F57E91B8B598BF8061CB
Bostrom,BOOT,ibc/FE2CD1E6828EC0FAB8AF39BAC45BC25B965BA67CCBC50C13A14BD610B0D1E2C4
Comdex,CMDX,ibc/EA3E1640F9B1532AB129A571203A0B9F789A7F14BB66E350DCBFA18E1A1931F0
cheqd,CHEQ,ibc/7A08C6F11EF0F59EB841B9F788A87EC9F2361C7D9703157EC13D940DC53031FA
Lum,LUM,ibc/8A34AF0C1943FD0DFCDE9ADBF0B2C9959C45E87E6088EA2FC6ADACD59261B8A2
Vidulum,VDL,ibc/E7B35499CFBEB0FF5778127ABA4FB2C4B79A6B8D3D831D4379C4048C238796BD
Desmos,DSM,ibc/EA4C0A9F72E2CEDF10D0E7A9A6A22954DB3444910DB5BE980DF59B05A46DAD1C
Dig Chain,DIG,ibc/307E5C96C8F60D1CBEE269A9A86C0834E1DB06F2B3788AE4F716EDB97A48B97D
Somm,SOMM,ibc/9BBA9A1C257E971E38C1422780CE6F0B0686F0A3085E2D61118D904BFE0F5F5E
Band Protocol,BAND,ibc/F867AE2112EFE646EC71A25CD2DFABB8927126AC1E19F1BBF0FF693A4ECA05DE
DARC,DARC,ibc/346786EA82F41FE55FAD14BF69AD8BA9B36985406E43F3CB23E6C45A285A9593
Umee,UMEE,ibc/67795E528DF67C5606FC20F824EA39A6EF55BA133F4DC79C90A8C47A0901E17C
Graviton,GRAV,ibc/E97634A40119F1898989C2A23224ED83FDD0A57EA46B3A094E287288D1672B44
Decentr,DEC,ibc/9BCB27203424535B6230D594553F1659C77EC173E36D9CF4759E7186EE747E84
Marble,MARBLE,ibc/F6B691D5F7126579DDC87357B09D653B47FDCE0A3383FF33C8D8B544FE29A8A6
Carbon,SWTH,ibc/8FEFAE6AECF6E2A255585617F781F35A8D5709A545A804482A261C0C9548A9D3
Cerberus,CRBRUS,ibc/41999DF04D9441DAC0DF5D8291DF4333FBCBA810FFD63FDCE34FDF41EF37B6F7
fetch-ai,FET,ibc/5D1F516200EE8C6B2354102143B78A2DEDA25EDE771AC0F8DC3C1837C8FD4447
AssetMantle,MNTL,ibc/CBA34207E969623D95D057D9B11B0C8B32B89A71F170577D982FDDE623813FFC
Neta,NETA,ibc/297C64CC42B5A8D8F82FE2EBE208A6FE8F94B86037FA28C4529A23701C228F7A
Injective,INJ,ibc/64BA6E31FE887D66C6F8F31C7B1A80C7CA179239677B4088BB55F5EA07DBE273
TerraClassicKRW,KRTC,ibc/204A582244FC241613DBB50B04D1D454116C58C4AF7866C186AA0D6EEAD42780
Microtick,TICK,ibc/655BCEF3CDEBE32863FF281DBBE3B06160339E9897DC9C9C9821932A5F8BA6F8
Sifchain Rowan,ROWAN,ibc/8318FD63C42203D16DDCAF49FE10E8590669B3219A3E87676AC9DA50722687FB
Shentu,CTK,ibc/7ED954CFFFC06EE8419387F3FC688837FF64EF264DE14219935F724EEEDBF8D3
Hope Galaxy,HOPE,ibc/C2A2E9CA95DDD4828B75124B5E27B8401C7D8493BC48353D418CBFC04565899B
Racoon,RAC,ibc/6BDB4C8CCD45033F9604E4B93ED395008A753E01EECD6992E7D1EA23D9D3B788
Frax,FRAX,ibc/0E43EDE2E2A3AFA36D0CD38BDDC0B49FECA64FA426A82E102F304E430ECF46EE
Wrapped Bitcoin,WBTC.grv,ibc/C9B0D48FD2C5B91135F118FF2484551888966590D7BDC20F6A87308DBA670796
Wrapped Ethereum,WETH.grv,ibc/65381C5F3FD21442283D56925E62EA524DED8B6927F0FF94E21E0020954C40B5
USD Coin,USDC.grv,ibc/9F9B07EF9AD291167CF5700628145DE1DEB777C2CFC7907553B24446515F6D0E
Dai Stablecoin,DAI.grv,ibc/F292A17CF920E3462C816CBE6B042E779F676CAB59096904C4C1C966413E3DF5
Tether USD,USDT.grv,ibc/71B441E27F1BBB44DD0891BCD370C2794D404D60A4FFE5AECCD9B1E28BC89805
Block,BLOCK,ibc/DB9755CB6FE55192948AE074D18FA815E1429D3D374D5BDA8D89623C6CF235C3
Hash,HASH,ibc/CE5BFF1D9BADA03BB5CCA5F56939392A761B53A10FBD03B37506669C3218D3B2
Galaxy,GLX,ibc/F49DE040EBA5AB2FAD5F660C2A1DDF98A68470FAE82229818BE775EBF3EE79F2
DHK,DHK,ibc/52E12CF5CA2BB903D84F5298B4BFD725D66CAB95E09AA4FC75B2904CA5485FEB
JunoSwap,RAW,ibc/00B6E60AD3D65CBEF5579AC8AF609527C0B57535B6E32D96C80A735344FD9DCC
MEME,MEME,ibc/67C89B8B0A70C08F093C909A4DD996DD10E0494C87E28FD9A551697BF173D4CA
Another.Software Validator Token,ASVT,ibc/AA1C80225BCA7B32ED1FC6ABF8B8E899BEB48ECDB4B417FD69873C6D715F97E7
JoeDAO,JOE,ibc/0CB9DB3441D0D50F35699DEE22B9C965487E83FB2D9F483D1CC5CA34E856C484
Luna,LUNA,ibc/785AFEC6B3741100D15E7AF01374E3C4C36F24888E96479B1C33F5C71F364EF9
Rizon Chain,ATOLO,ibc/2716E3F2E146664BEFA9217F1A03BFCEDBCD5178B3C71CACB1A0D7584451D219
Hard,HARD,ibc/D6C28E07F7343360AC41E15DDD44D79701DDCA2E0C2C41279739C8D4AE5264BC
Swap,SWP,ibc/70CF1A54E23EA4E480DEDA9E12082D3FD5684C3483CBDCE190C5C807227688C5
Chainlink,LINK,ibc/D3327A763C23F01EC43D1F0DB3CEFEC390C362569B6FD191F40A5192F8960049
GenesisL1,L1,ibc/F16FDC11A7662B86BC0B9CE61871CBACF7C20606F95E86260FD38915184B75B4
Aave,AAVE,ibc/384E5DD50BDE042E1AAF51F312B55F08F95BC985C503880189258B4D9374CBBE
ApeCoin,APE,ibc/F83CC6471DA4D4B508F437244F10B9E4C68975344E551A2DEB6B8617AB08F0D4
Axie Infinity Shard,AXS,ibc/6C0CB8653012DC2BC1820FD0B6B3AFF8A07D18630BDAEE066FEFB2D92F477C24
Maker,MKR,ibc/D27DDDF34BB47E5D5A570742CC667DE53277867116CCCA341F27785E899A70F3
Rai Reflex Index,RAI,ibc/BD796662F8825327D41C96355DF62045A5BA225BAE31C0A86289B9D88ED3F44E
Shiba Inu,SHIB,ibc/19305E20681911F14D1FB275E538CDE524C3BF88CF9AE5D5F78F4D4DA05E85B2
Uniswap,UNI,ibc/AE2719773D6FCDD05AC17B1ED63F672F5F9D84144A61965F348C86C2A83AD161
Chain,XCN,ibc/B901BEC1B71D0573E6EE874FEC39E2DF4C2BDB1DB74CB3DA0A9CACC4A435B0EC
Kuji,KUJI,ibc/BB6BCDB515050BAE97516111873CCD7BCF1FD0CCB723CC12F3C4F704D6C646CE
Tgrade,TGD,ibc/1E09CB0F506ACF12FDE4683FB6B34DA62FB4BE122641E0D93AAF98A87675676C
Echelon,ECH,ibc/47EE224A9B33CF0ABEAC82106E52F0F6E8D8CEC5BA80B9D9A6F55172CBB0177D
ODIN,ODIN,ibc/C360EF34A86D334F625E4CBB7DA3223AEA97174B61F35BB3758081A8160F7D9B
GEO,GEO,ibc/9B6FBABA36BB4A3BF127AE5E96B572A5197FD9F3111D895D8919B07BC290764A
O9W,O9W,ibc/0CD46223FEABD2AEAAAF1F057D01E63BCA79B7D4BD6B68F1EB973A987344695D
LVN,LVN,ibc/AD185F62399F770CCCE8A36A180A77879FF6C26A0398BD3D2A74E087B0BFA121
Wrapped Moonbeam,wGLMR,ibc/1E26DB0E5122AED464D98462BD384FCCB595732A66B3970AE6CE0B58BAE0FC49
Gelotto,GLTO,ibc/52C57FCA7D6854AA178E7A183DDBE4EF322B904B1D719FC485F6FFBC1F72A19E
GKey,GKEY,ibc/7C781B4C2082CD62129A972D47486D78EC17155C299270E3C89348EA026BEAF8
Crescent,CRE,ibc/5A7C219BA5F7582B99629BA3B2A01A61BFDA0F6FD1FE95B5366F7334C4BC0580
LUMEN,LUMEN,ibc/FFA652599C77E853F017193E36B5AB2D4D9AFC4B54721A74904F80C9236BF3B7
Oraichain,ORAI,ibc/161D7D62BAB3B9C39003334F1671208F43C06B643CC9EDBBE82B64793C857F1D
Cudos,CUDOS,ibc/E09ED39F390EC51FA9F3F69BEA08B5BBE6A48B3057B2B1C3467FAAE9E58B021B
USDX,USDX,ibc/C78F65E1648A3DFE0BAEB6C4CDA69CC2A75437F1793C0E6386DFDA26393790AE
Agoric,BLD,ibc/2DA9C149E9AD2BD27FEFA635458FB37093C256C1A940392634A16BEA45262604
Inter Stable Token,IST,ibc/92BE0717F4678905E53F4E45B2DED18BC0CB97BF1F8B6A25AFEDF3D5A879B4D5
StakeEasy seJUNO,SEJUNO,ibc/C6B6BFCB6EE49A7CAB1A7E7B021DE35B99D525AC660844952F0F6C78DCB2A57B
StakeEasy bJUNO,BJUNO,ibc/C2DF5C3949CA835B221C575625991F09BAB4E48FB9C11A4EE357194F736111E3
Stride,STRD,ibc/A8CA5EE328FA10C9519DF6057DA1F69682D28F7D0F5CCC7ECB72E3DCA2D157A4
stATOM,stATOM,ibc/C140AFD542AE77BD7DCC83F13FDD8C5E5BB8C4929785E6EC2F4C636F98F17901
stSTARS,stSTARS,ibc/5DD1F95ED336014D00CE2520977EC71566D282F9749170ADC83A392E0EA7426A
Solarbank DAO,SOLAR,ibc/C3FC4DED273E7D1DD2E7BAA3317EC9A53CD3252B577AA33DC00D9DF2BDF3ED5C
StakeEasy SEASY,SEASY,ibc/18A676A074F73B9B42DA4F9DFC8E5AEF334C9A6636DDEC8D34682F52F1DECDF6
Axelar,AXL,ibc/903A61A498756EA560B85A85132D3AEE21B5DEDD41213725D22ABF276EA6945E
Rebus,REBUS,ibc/A1AC7F9EE2F643A68E3A35BCEB22040120BEA4059773BB56985C76BDFEBC71D9
Teritori,TORI,ibc/EB7FB9C8B425F289B63703413327C2051030E848CE4EAAEA2E51199D6D39D3EC
stJUNO,stJUNO,ibc/84502A75BCA4A5F68D464C00B3F610CE2585847D59B52E5FFB7C3C9D2DDCD3FE
stOSMO,stOSMO,ibc/D176154B0C63D1F9C6DCFB4F70349EBF2E2B5A87A05902F57A6AE92B863E9AEC
MuseDAO,MUSE,ibc/6B982170CE024689E8DD0E7555B129B488005130D4EDA426733D552D10B36D8F
Lambda,LAMB,ibc/80825E8F04B12D914ABEADB1F4D39C04755B12C8402F6876EE3168450C0A90BB
USK,USK,ibc/44492EAB24B72E3FB59B9FA619A22337FB74F95D8808FE6BC78CC0E6C18DC2EC
Unification Network,FUND,ibc/608EF5C0CE64FEA097500DB39657BDD36CA708CC5DCC2E250A024B6981DD36BC
Jackal,JKL,ibc/8E697BDABE97ACE8773C6DF7402B2D1D5104DD1EEABE12608E3469B7F64C15BA
Alter,ALTER,ibc/A6383B6CF5EA23E067666C06BC34E2A96869927BD9744DC0C1643E589C710AA3
Button,BUTT,ibc/1FBA9E763B8679BEF7BAAAF2D16BCA78C3B297D226C3F31312C769D7B8F992D8
Shade,SHD,ibc/71055835C7639739EAE03AACD1324FE162DBA41D09F197CB72D966D014225B1C
SIENNA,SIENNA,ibc/9A8A93D04917A149C8AC7C16D3DA8F470D59E8D867499C4DA97450E1D7363213
SCRT Staking Derivatives,stkd-SCRT,ibc/D0E5BF2940FB58D9B283A339032DE88111407AAD7D94A7F1F3EB78874F8616D4
BeeZee,BZE,ibc/C822645522FC3EECF817609AA38C24B64D04F5C267A23BCCF8F2E3BC5755FA88
Fanfury,FURY,ibc/7CE5F388D661D82A0774E47B5129DA51CC7129BD1A70B5FA6BCEBB5B0A2FAEAF
Acre,ACRE,ibc/BB936517F7E5D77A63E0ADB05217A6608B0C4CF8FBA7EA2F4BAE4107A7238F06
CMST,CMST,ibc/23CA6C8D1AB2145DD13EB1E089A2E3F960DC298B468CCE034E19E5A78B61136E
IMV,IMV,ibc/92B223EBFA74DB99BEA92B23DEAA6050734FEEAABB84689CB8E1AE8F9C9F9AF4
Medas Digital,MEDAS,ibc/01E94A5FF29B8DDEFC86F412CC3927F7330E9B523CC63A6194B1108F5276025C
POSTHUMAN,PHMN,ibc/D3B574938631B0A1BA704879020C696E514CFADAA7643CDE4BD5EB010BDE327B
Amber,AMBER,ibc/18A1B70E3205A48DE8590C0D11030E7146CDBF1048789261D53FFFD7527F8B55
Nom,NOM,ibc/B9606D347599F0F2FDF82BA3EE339000673B7D274EA50F59494DC51EFCD42163
PSTAKE staked ATOM,stkATOM,ibc/CAA179E40F0266B0B29FB5EAA288FB9212E628822265D4141EBD1C47C3CBFCBC
Dys,DYS,ibc/E27CD305D33F150369AB526AEB6646A76EC3FFB1A6CA58A663B5DE657A89D55D
Hopers,HOPERS,ibc/D3ADAF73F84CDF205BCB72C142FDAEEA2C612AB853CEE6D6C06F184FA38B1099
Arable USD,arUSD,ibc/5D270A584B1078FBE07D14570ED5E88EC1FEDA8518B76C322606291E6FD8286F
Planq,PLQ,ibc/B1E0166EA0D759FDF4B207D1F5F12210D8BFE36F2345CEFC76948CE2B36DFBAF
Wrapped FTM,wFTM,ibc/5E2DFDF1734137302129EA1C1BA21A580F96F778D4F021815EA4F6DB378DA1A4
Canto,CANTO,ibc/47CAF2DB8C016FAC960F33BC492FD8E454593B65CC59D70FA9D9F30424F9C32F
Quicksilver Liquid Staked STARS,qSTARS,ibc/46C83BB054E12E189882B5284542DB605D94C99827E367C9192CF0579CD5BC83
Wynd DAO Governance Token,WYND,ibc/2FBAC4BF296D7844796844B35978E5899984BA5A6314B2DD8F83C215550010B3
Mars,MARS,ibc/573FCD90FACEE750F55A8864EF7D38265F07E5A9273FA0E8DAFD39951332B580
